{"cameraMode":{"drawMode":0,"name":"Shaded","section":"Shading Mode"},"sceneLighting":true,"audioPlay":false,"sceneViewState":{"m_AlwaysRefresh":false,"showFog":true,"showSkybox":true,"showFlares":true,"showImageEffects":true,"showParticleSystems":true,"showVisualEffectGraphs":true,"m_FxEnabled":true},"in2DMode":false,"pivot":{"x":1.1437764167785645,"y":4.11761474609375,"z":-3.7890913486480715},"rotation":{"x":0.2568695545196533,"y":0.48697584867477419,"z":-0.15240871906280518,"w":0.8207619190216065},"size":0.23569096624851228,"orthographic":false}